<application>
  <component name="libraryTable">
    <library name="biz">
      <CLASSES>
        <root url="file://D:/kingdee-source/windrunner/lib/lib/biz" />
        <root url="file://D:/kingdee-source/windrunner/lib/lib/bos" />
        <root url="file://D:/kingdee-source/windrunner/lib/lib/bos-corelib" />
        <root url="file://D:/kingdee-source/windrunner/lib/lib/bos-qing" />
        <root url="file://D:/kingdee-source/windrunner/lib/lib/bos-qing-trd" />
        <root url="file://D:/kingdee-source/windrunner/lib/lib/trd" />
        <root url="file://D:/kingdee-source/windrunner/lib/lib/unit" />
      </CLASSES>
      <JAVADOC />
      <SOURCES>
        <root url="file://D:/kingdee-source/windrunner/lib/lib/biz" />
        <root url="file://D:/kingdee-source/windrunner/lib/lib/bos" />
        <root url="file://D:/kingdee-source/windrunner/lib/lib/bos-corelib" />
        <root url="file://D:/kingdee-source/windrunner/lib/lib/trd" />
      </SOURCES>
      <jarDirectory url="file://D:/kingdee-source/windrunner/lib/lib/biz" recursive="false" />
      <jarDirectory url="file://D:/kingdee-source/windrunner/lib/lib/bos" recursive="false" />
      <jarDirectory url="file://D:/kingdee-source/windrunner/lib/lib/bos-corelib" recursive="false" />
      <jarDirectory url="file://D:/kingdee-source/windrunner/lib/lib/bos-qing" recursive="false" />
      <jarDirectory url="file://D:/kingdee-source/windrunner/lib/lib/bos-qing-trd" recursive="false" />
      <jarDirectory url="file://D:/kingdee-source/windrunner/lib/lib/trd" recursive="false" />
      <jarDirectory url="file://D:/kingdee-source/windrunner/lib/lib/unit" recursive="false" />
      <jarDirectory url="file://D:/kingdee-source/windrunner/lib/lib/biz" recursive="false" type="SOURCES" />
      <jarDirectory url="file://D:/kingdee-source/windrunner/lib/lib/bos" recursive="false" type="SOURCES" />
      <jarDirectory url="file://D:/kingdee-source/windrunner/lib/lib/bos-corelib" recursive="false" type="SOURCES" />
      <jarDirectory url="file://D:/kingdee-source/windrunner/lib/lib/trd" recursive="false" type="SOURCES" />
    </library>
  </component>
</application>