<application>
  <component name="ProjectJdkTable">
    <jdk version="2">
      <name value="IntelliJ IDEA IU-145.597.3" />
      <type value="IDEA JDK" />
      <version value="java version &quot;1.8.0_121&quot;" />
      <homePath value="$APPLICATION_HOME_DIR$" />
      <roots>
        <annotationsPath>
          <root type="composite" />
        </annotationsPath>
        <classPath>
          <root type="composite">
            <root url="jar://D:/Java/jdk1.8.0/jre/lib/charsets.jar!/" type="simple" />
            <root url="jar://D:/Java/jdk1.8.0/jre/lib/deploy.jar!/" type="simple" />
            <root url="jar://D:/Java/jdk1.8.0/jre/lib/ext/access-bridge-64.jar!/" type="simple" />
            <root url="jar://D:/Java/jdk1.8.0/jre/lib/ext/cldrdata.jar!/" type="simple" />
            <root url="jar://D:/Java/jdk1.8.0/jre/lib/ext/dnsns.jar!/" type="simple" />
            <root url="jar://D:/Java/jdk1.8.0/jre/lib/ext/jaccess.jar!/" type="simple" />
            <root url="jar://D:/Java/jdk1.8.0/jre/lib/ext/jfxrt.jar!/" type="simple" />
            <root url="jar://D:/Java/jdk1.8.0/jre/lib/ext/localedata.jar!/" type="simple" />
            <root url="jar://D:/Java/jdk1.8.0/jre/lib/ext/nashorn.jar!/" type="simple" />
            <root url="jar://D:/Java/jdk1.8.0/jre/lib/ext/sunec.jar!/" type="simple" />
            <root url="jar://D:/Java/jdk1.8.0/jre/lib/ext/sunjce_provider.jar!/" type="simple" />
            <root url="jar://D:/Java/jdk1.8.0/jre/lib/ext/sunmscapi.jar!/" type="simple" />
            <root url="jar://D:/Java/jdk1.8.0/jre/lib/ext/sunpkcs11.jar!/" type="simple" />
            <root url="jar://D:/Java/jdk1.8.0/jre/lib/ext/zipfs.jar!/" type="simple" />
            <root url="jar://D:/Java/jdk1.8.0/jre/lib/javaws.jar!/" type="simple" />
            <root url="jar://D:/Java/jdk1.8.0/jre/lib/jce.jar!/" type="simple" />
            <root url="jar://D:/Java/jdk1.8.0/jre/lib/jfr.jar!/" type="simple" />
            <root url="jar://D:/Java/jdk1.8.0/jre/lib/jfxswt.jar!/" type="simple" />
            <root url="jar://D:/Java/jdk1.8.0/jre/lib/jsse.jar!/" type="simple" />
            <root url="jar://D:/Java/jdk1.8.0/jre/lib/management-agent.jar!/" type="simple" />
            <root url="jar://D:/Java/jdk1.8.0/jre/lib/plugin.jar!/" type="simple" />
            <root url="jar://D:/Java/jdk1.8.0/jre/lib/resources.jar!/" type="simple" />
            <root url="jar://D:/Java/jdk1.8.0/jre/lib/rt.jar!/" type="simple" />
            <root url="jar://$APPLICATION_HOME_DIR$/lib/alloy.jar!/" type="simple" />
            <root url="jar://$APPLICATION_HOME_DIR$/lib/annotations.jar!/" type="simple" />
            <root url="jar://$APPLICATION_HOME_DIR$/lib/asm-all.jar!/" type="simple" />
            <root url="jar://$APPLICATION_HOME_DIR$/lib/automaton.jar!/" type="simple" />
            <root url="jar://$APPLICATION_HOME_DIR$/lib/batik-all.jar!/" type="simple" />
            <root url="jar://$APPLICATION_HOME_DIR$/lib/boot.jar!/" type="simple" />
            <root url="jar://$APPLICATION_HOME_DIR$/lib/bootstrap.jar!/" type="simple" />
            <root url="jar://$APPLICATION_HOME_DIR$/lib/cli-parser-1.1.jar!/" type="simple" />
            <root url="jar://$APPLICATION_HOME_DIR$/lib/clojure-jsr223-1.5.1.jar!/" type="simple" />
            <root url="jar://$APPLICATION_HOME_DIR$/lib/commons-codec-1.9.jar!/" type="simple" />
            <root url="jar://$APPLICATION_HOME_DIR$/lib/commons-httpclient-3.1-patched.jar!/" type="simple" />
            <root url="jar://$APPLICATION_HOME_DIR$/lib/commons-logging-1.2.jar!/" type="simple" />
            <root url="jar://$APPLICATION_HOME_DIR$/lib/commons-net-3.3.jar!/" type="simple" />
            <root url="jar://$APPLICATION_HOME_DIR$/lib/coverage-agent.jar!/" type="simple" />
            <root url="jar://$APPLICATION_HOME_DIR$/lib/coverage-instrumenter.jar!/" type="simple" />
            <root url="jar://$APPLICATION_HOME_DIR$/lib/coverage-util.jar!/" type="simple" />
            <root url="jar://$APPLICATION_HOME_DIR$/lib/extensions.jar!/" type="simple" />
            <root url="jar://$APPLICATION_HOME_DIR$/lib/external-system-rt.jar!/" type="simple" />
            <root url="jar://$APPLICATION_HOME_DIR$/lib/forms_rt.jar!/" type="simple" />
            <root url="jar://$APPLICATION_HOME_DIR$/lib/hamcrest-core-1.3.jar!/" type="simple" />
            <root url="jar://$APPLICATION_HOME_DIR$/lib/icons.jar!/" type="simple" />
            <root url="jar://$APPLICATION_HOME_DIR$/lib/idea-jsp-openapi.jar!/" type="simple" />
            <root url="jar://$APPLICATION_HOME_DIR$/lib/idea.jar!/" type="simple" />
            <root url="jar://$APPLICATION_HOME_DIR$/lib/ideax.jar!/" type="simple" />
            <root url="jar://$APPLICATION_HOME_DIR$/lib/idea_rt.jar!/" type="simple" />
            <root url="jar://$APPLICATION_HOME_DIR$/lib/imgscalr-lib-4.2.jar!/" type="simple" />
            <root url="jar://$APPLICATION_HOME_DIR$/lib/isorelax.jar!/" type="simple" />
            <root url="jar://$APPLICATION_HOME_DIR$/lib/jasper21_rt.jar!/" type="simple" />
            <root url="jar://$APPLICATION_HOME_DIR$/lib/jasper2_rt.jar!/" type="simple" />
            <root url="jar://$APPLICATION_HOME_DIR$/lib/javac2.jar!/" type="simple" />
            <root url="jar://$APPLICATION_HOME_DIR$/lib/jaxen-1.1.3.jar!/" type="simple" />
            <root url="jar://$APPLICATION_HOME_DIR$/lib/jayatana-1.2.4.jar!/" type="simple" />
            <root url="jar://$APPLICATION_HOME_DIR$/lib/jcip-annotations.jar!/" type="simple" />
            <root url="jar://$APPLICATION_HOME_DIR$/lib/jdkAnnotations.jar!/" type="simple" />
            <root url="jar://$APPLICATION_HOME_DIR$/lib/jdom.jar!/" type="simple" />
            <root url="jar://$APPLICATION_HOME_DIR$/lib/jettison-1.3.2.jar!/" type="simple" />
            <root url="jar://$APPLICATION_HOME_DIR$/lib/jgoodies-common-1.2.1.jar!/" type="simple" />
            <root url="jar://$APPLICATION_HOME_DIR$/lib/jgoodies-forms.jar!/" type="simple" />
            <root url="jar://$APPLICATION_HOME_DIR$/lib/jgoodies-looks-2.4.2.jar!/" type="simple" />
            <root url="jar://$APPLICATION_HOME_DIR$/lib/jh.jar!/" type="simple" />
            <root url="jar://$APPLICATION_HOME_DIR$/lib/jing.jar!/" type="simple" />
            <root url="jar://$APPLICATION_HOME_DIR$/lib/jna-platform.jar!/" type="simple" />
            <root url="jar://$APPLICATION_HOME_DIR$/lib/jna.jar!/" type="simple" />
            <root url="jar://$APPLICATION_HOME_DIR$/lib/jps-builders.jar!/" type="simple" />
            <root url="jar://$APPLICATION_HOME_DIR$/lib/jps-launcher.jar!/" type="simple" />
            <root url="jar://$APPLICATION_HOME_DIR$/lib/jps-model.jar!/" type="simple" />
            <root url="jar://$APPLICATION_HOME_DIR$/lib/jsch.agentproxy.connector-factory.jar!/" type="simple" />
            <root url="jar://$APPLICATION_HOME_DIR$/lib/jsch.agentproxy.core.jar!/" type="simple" />
            <root url="jar://$APPLICATION_HOME_DIR$/lib/jsch.agentproxy.pageant.jar!/" type="simple" />
            <root url="jar://$APPLICATION_HOME_DIR$/lib/jsch.agentproxy.sshagent.jar!/" type="simple" />
            <root url="jar://$APPLICATION_HOME_DIR$/lib/jsch.agentproxy.usocket-jna.jar!/" type="simple" />
            <root url="jar://$APPLICATION_HOME_DIR$/lib/jsch.agentproxy.usocket-nc.jar!/" type="simple" />
            <root url="jar://$APPLICATION_HOME_DIR$/lib/jsp-api.jar!/" type="simple" />
            <root url="jar://$APPLICATION_HOME_DIR$/lib/jsr173_1.0_api.jar!/" type="simple" />
            <root url="jar://$APPLICATION_HOME_DIR$/lib/junit-4.12.jar!/" type="simple" />
            <root url="jar://$APPLICATION_HOME_DIR$/lib/jzlib-1.1.1.jar!/" type="simple" />
            <root url="jar://$APPLICATION_HOME_DIR$/lib/kotlin-reflect.jar!/" type="simple" />
            <root url="jar://$APPLICATION_HOME_DIR$/lib/kotlin-runtime.jar!/" type="simple" />
            <root url="jar://$APPLICATION_HOME_DIR$/lib/log4j.jar!/" type="simple" />
            <root url="jar://$APPLICATION_HOME_DIR$/lib/markdown4j-2.2.jar!/" type="simple" />
            <root url="jar://$APPLICATION_HOME_DIR$/lib/markdownj-core-0.4.2-SNAPSHOT.jar!/" type="simple" />
            <root url="jar://$APPLICATION_HOME_DIR$/lib/microba.jar!/" type="simple" />
            <root url="jar://$APPLICATION_HOME_DIR$/lib/nanoxml-2.2.3.jar!/" type="simple" />
            <root url="jar://$APPLICATION_HOME_DIR$/lib/nekohtml-1.9.14.jar!/" type="simple" />
            <root url="jar://$APPLICATION_HOME_DIR$/lib/openapi.jar!/" type="simple" />
            <root url="jar://$APPLICATION_HOME_DIR$/lib/optimizedFileManager.jar!/" type="simple" />
            <root url="jar://$APPLICATION_HOME_DIR$/lib/oromatcher.jar!/" type="simple" />
            <root url="jar://$APPLICATION_HOME_DIR$/lib/picocontainer.jar!/" type="simple" />
            <root url="jar://$APPLICATION_HOME_DIR$/lib/purejavacomm.jar!/" type="simple" />
            <root url="jar://$APPLICATION_HOME_DIR$/lib/resolver.jar!/" type="simple" />
            <root url="jar://$APPLICATION_HOME_DIR$/lib/resources.jar!/" type="simple" />
            <root url="jar://$APPLICATION_HOME_DIR$/lib/resources_en.jar!/" type="simple" />
            <root url="jar://$APPLICATION_HOME_DIR$/lib/rhino-js-1_7R4.jar!/" type="simple" />
            <root url="jar://$APPLICATION_HOME_DIR$/lib/rngom-20051226-patched.jar!/" type="simple" />
            <root url="jar://$APPLICATION_HOME_DIR$/lib/serviceMessages.jar!/" type="simple" />
            <root url="jar://$APPLICATION_HOME_DIR$/lib/servlet-api.jar!/" type="simple" />
            <root url="jar://$APPLICATION_HOME_DIR$/lib/slf4j-api-1.7.10.jar!/" type="simple" />
            <root url="jar://$APPLICATION_HOME_DIR$/lib/slf4j-log4j12-1.7.10.jar!/" type="simple" />
            <root url="jar://$APPLICATION_HOME_DIR$/lib/swingx-core-1.6.2.jar!/" type="simple" />
            <root url="jar://$APPLICATION_HOME_DIR$/lib/trang-core.jar!/" type="simple" />
            <root url="jar://$APPLICATION_HOME_DIR$/lib/trove4j.jar!/" type="simple" />
            <root url="jar://$APPLICATION_HOME_DIR$/lib/util.jar!/" type="simple" />
            <root url="jar://$APPLICATION_HOME_DIR$/lib/velocity.jar!/" type="simple" />
            <root url="jar://$APPLICATION_HOME_DIR$/lib/winp-1.23.jar!/" type="simple" />
            <root url="jar://$APPLICATION_HOME_DIR$/lib/xbean.jar!/" type="simple" />
            <root url="jar://$APPLICATION_HOME_DIR$/lib/xercesImpl.jar!/" type="simple" />
            <root url="jar://$APPLICATION_HOME_DIR$/lib/xml-apis-ext.jar!/" type="simple" />
            <root url="jar://$APPLICATION_HOME_DIR$/lib/xmlgraphics-commons-1.5.jar!/" type="simple" />
            <root url="jar://$APPLICATION_HOME_DIR$/lib/xmlrpc-2.0.jar!/" type="simple" />
            <root url="jar://$APPLICATION_HOME_DIR$/lib/xpp3-1.1.4-min.jar!/" type="simple" />
            <root url="jar://$APPLICATION_HOME_DIR$/lib/xstream-1.4.8.jar!/" type="simple" />
            <root url="jar://$APPLICATION_HOME_DIR$/lib/yjp-controller-api-redist.jar!/" type="simple" />
            <root url="jar://$APPLICATION_HOME_DIR$/plugins/JavaEE/lib/gradle-javaee.jar!/" type="simple" />
            <root url="jar://$APPLICATION_HOME_DIR$/plugins/JavaEE/lib/IntelliLang-javaee.jar!/" type="simple" />
            <root url="jar://$APPLICATION_HOME_DIR$/plugins/JavaEE/lib/javaee-openapi.jar!/" type="simple" />
            <root url="jar://$APPLICATION_HOME_DIR$/plugins/JavaEE/lib/resources_en.jar!/" type="simple" />
            <root url="jar://$APPLICATION_HOME_DIR$/plugins/JavaEE/lib/webDeployment-transport.jar!/" type="simple" />
            <root url="jar://$APPLICATION_HOME_DIR$/plugins/PersistenceSupport/lib/persistence-openapi.jar!/" type="simple" />
            <root url="jar://$APPLICATION_HOME_DIR$/plugins/PersistenceSupport/lib/resources_en.jar!/" type="simple" />
            <root url="jar://$APPLICATION_HOME_DIR$/plugins/DatabaseTools/lib/database-openapi.jar!/" type="simple" />
            <root url="jar://$APPLICATION_HOME_DIR$/plugins/DatabaseTools/lib/resources_en.jar!/" type="simple" />
            <root url="jar://$APPLICATION_HOME_DIR$/plugins/CSS/lib/css-openapi.jar!/" type="simple" />
            <root url="jar://$APPLICATION_HOME_DIR$/plugins/CSS/lib/resources_en.jar!/" type="simple" />
            <root url="jar://$APPLICATION_HOME_DIR$/plugins/uml/lib/diagram-api.jar!/" type="simple" />
            <root url="jar://$APPLICATION_HOME_DIR$/plugins/Spring/lib/spring-aop.jar!/" type="simple" />
            <root url="jar://$APPLICATION_HOME_DIR$/plugins/Spring/lib/spring-api.jar!/" type="simple" />
            <root url="jar://$APPLICATION_HOME_DIR$/plugins/Spring/lib/spring-eclipse.jar!/" type="simple" />
            <root url="jar://$APPLICATION_HOME_DIR$/plugins/Spring/lib/spring-web.jar!/" type="simple" />
          </root>
        </classPath>
        <javadocPath>
          <root type="composite" />
        </javadocPath>
        <sourcePath>
          <root type="composite">
            <root url="jar://D:/Java/jdk1.8.0/src.zip!/" type="simple" />
            <root url="jar://D:/Java/jdk1.8.0/javafx-src.zip!/" type="simple" />
            <root url="jar://$APPLICATION_HOME_DIR$/lib/src/src_css-api.zip!/" type="simple" />
            <root url="jar://$APPLICATION_HOME_DIR$/lib/src/src_database-openapi.zip!/" type="simple" />
            <root url="jar://$APPLICATION_HOME_DIR$/lib/src/src_jam-openapi.zip!/" type="simple" />
            <root url="jar://$APPLICATION_HOME_DIR$/lib/src/src_javaee-openapi.zip!/" type="simple" />
            <root url="jar://$APPLICATION_HOME_DIR$/lib/src/src_persistence-openapi.zip!/" type="simple" />
            <root url="jar://$APPLICATION_HOME_DIR$/lib/src/src_spring-openapi.zip!/" type="simple" />
            <root url="jar://$APPLICATION_HOME_DIR$/lib/src/src_tomcat.zip!/" type="simple" />
          </root>
        </sourcePath>
      </roots>
      <additional sdk="1.8">
        <option name="mySandboxHome" value="C:\Users\PVer\.IntelliJIdea2016.1\system\plugins-sandbox" />
      </additional>
    </jdk>
    <jdk version="2">
      <name value="1.8" />
      <type value="JavaSDK" />
      <version value="java version &quot;1.8.0_121&quot;" />
      <homePath value="C:/install/Java/jdk1.8.0_121" />
      <roots>
        <annotationsPath>
          <root type="composite">
            <root url="jar://$APPLICATION_HOME_DIR$/lib/jdkAnnotations.jar!/" type="simple" />
          </root>
        </annotationsPath>
        <classPath>
          <root type="composite">
            <root url="jar://C:/install/Java/jdk1.8.0_121/jre/lib/charsets.jar!/" type="simple" />
            <root url="jar://C:/install/Java/jdk1.8.0_121/jre/lib/deploy.jar!/" type="simple" />
            <root url="jar://C:/install/Java/jdk1.8.0_121/jre/lib/ext/access-bridge-64.jar!/" type="simple" />
            <root url="jar://C:/install/Java/jdk1.8.0_121/jre/lib/ext/cldrdata.jar!/" type="simple" />
            <root url="jar://C:/install/Java/jdk1.8.0_121/jre/lib/ext/dnsns.jar!/" type="simple" />
            <root url="jar://C:/install/Java/jdk1.8.0_121/jre/lib/ext/jaccess.jar!/" type="simple" />
            <root url="jar://C:/install/Java/jdk1.8.0_121/jre/lib/ext/jfxrt.jar!/" type="simple" />
            <root url="jar://C:/install/Java/jdk1.8.0_121/jre/lib/ext/localedata.jar!/" type="simple" />
            <root url="jar://C:/install/Java/jdk1.8.0_121/jre/lib/ext/nashorn.jar!/" type="simple" />
            <root url="jar://C:/install/Java/jdk1.8.0_121/jre/lib/ext/sunec.jar!/" type="simple" />
            <root url="jar://C:/install/Java/jdk1.8.0_121/jre/lib/ext/sunjce_provider.jar!/" type="simple" />
            <root url="jar://C:/install/Java/jdk1.8.0_121/jre/lib/ext/sunmscapi.jar!/" type="simple" />
            <root url="jar://C:/install/Java/jdk1.8.0_121/jre/lib/ext/sunpkcs11.jar!/" type="simple" />
            <root url="jar://C:/install/Java/jdk1.8.0_121/jre/lib/ext/zipfs.jar!/" type="simple" />
            <root url="jar://C:/install/Java/jdk1.8.0_121/jre/lib/javaws.jar!/" type="simple" />
            <root url="jar://C:/install/Java/jdk1.8.0_121/jre/lib/jce.jar!/" type="simple" />
            <root url="jar://C:/install/Java/jdk1.8.0_121/jre/lib/jfr.jar!/" type="simple" />
            <root url="jar://C:/install/Java/jdk1.8.0_121/jre/lib/jfxswt.jar!/" type="simple" />
            <root url="jar://C:/install/Java/jdk1.8.0_121/jre/lib/jsse.jar!/" type="simple" />
            <root url="jar://C:/install/Java/jdk1.8.0_121/jre/lib/management-agent.jar!/" type="simple" />
            <root url="jar://C:/install/Java/jdk1.8.0_121/jre/lib/plugin.jar!/" type="simple" />
            <root url="jar://C:/install/Java/jdk1.8.0_121/jre/lib/resources.jar!/" type="simple" />
            <root url="jar://C:/install/Java/jdk1.8.0_121/jre/lib/rt.jar!/" type="simple" />
          </root>
        </classPath>
        <javadocPath>
          <root type="composite" />
        </javadocPath>
        <sourcePath>
          <root type="composite">
            <root url="jar://C:/install/Java/jdk1.8.0_121/src.zip!/" type="simple" />
            <root url="jar://C:/install/Java/jdk1.8.0_121/javafx-src.zip!/" type="simple" />
          </root>
        </sourcePath>
      </roots>
      <additional />
    </jdk>
    <jdk version="2">
      <name value="1.6" />
      <type value="JavaSDK" />
      <version value="java version &quot;1.6.0_43&quot;" />
      <homePath value="C:/install/Java/jdk1.6.0_43" />
      <roots>
        <annotationsPath>
          <root type="composite">
            <root url="jar://$APPLICATION_HOME_DIR$/lib/jdkAnnotations.jar!/" type="simple" />
          </root>
        </annotationsPath>
        <classPath>
          <root type="composite">
            <root url="jar://C:/install/Java/jdk1.6.0_43/jre/lib/charsets.jar!/" type="simple" />
            <root url="jar://C:/install/Java/jdk1.6.0_43/jre/lib/deploy.jar!/" type="simple" />
            <root url="jar://C:/install/Java/jdk1.6.0_43/jre/lib/ext/dnsns.jar!/" type="simple" />
            <root url="jar://C:/install/Java/jdk1.6.0_43/jre/lib/ext/localedata.jar!/" type="simple" />
            <root url="jar://C:/install/Java/jdk1.6.0_43/jre/lib/ext/sunjce_provider.jar!/" type="simple" />
            <root url="jar://C:/install/Java/jdk1.6.0_43/jre/lib/ext/sunmscapi.jar!/" type="simple" />
            <root url="jar://C:/install/Java/jdk1.6.0_43/jre/lib/javaws.jar!/" type="simple" />
            <root url="jar://C:/install/Java/jdk1.6.0_43/jre/lib/jce.jar!/" type="simple" />
            <root url="jar://C:/install/Java/jdk1.6.0_43/jre/lib/jsse.jar!/" type="simple" />
            <root url="jar://C:/install/Java/jdk1.6.0_43/jre/lib/management-agent.jar!/" type="simple" />
            <root url="jar://C:/install/Java/jdk1.6.0_43/jre/lib/plugin.jar!/" type="simple" />
            <root url="jar://C:/install/Java/jdk1.6.0_43/jre/lib/resources.jar!/" type="simple" />
            <root url="jar://C:/install/Java/jdk1.6.0_43/jre/lib/rt.jar!/" type="simple" />
          </root>
        </classPath>
        <javadocPath>
          <root type="composite" />
        </javadocPath>
        <sourcePath>
          <root type="composite">
            <root url="jar://C:/install/Java/jdk1.6.0_43/src.zip!/" type="simple" />
          </root>
        </sourcePath>
      </roots>
      <additional />
    </jdk>
  </component>
</application>